first_name,last_name,email,phone,address,dob,ip_address,credit_card_number,gender,username,password,nationality,transaction_id,signup_date,comments,Notes
***REDACTED***,***REDACTED***,836f82db99121b3481011f16b49dfa5fbc714a0d1b1b9f784a1ebbbf5b39577f,******4567,***REDACTED***,***REDACTED***,***REDACTED***,************0000,M,c2713b62c903791bdefc5a6a99df04d4330de491bbc7a0ca6a5007337e4a6028,***REDACTED***,American,***REDACTED***,***REDACTED***,***REDACTED***,***REDACTED***
***REDACTED***,***REDACTED***,1815a66b0a209167aba30c387131281eb52a518635db120def900452493f041b,**********7890,***REDACTED***,***REDACTED***,***REDACTED***,************0000,F,b3b4d0e5e7bfbfa63b26f064da9113904613b4ac71bb3ec74d25bcbdc8ae652a,***REDACTED***,Canadian,***REDACTED***,***REDACTED***,***REDACTED***,***REDACTED***
***REDACTED***,***REDACTED***,cbeb3178000dd7d2a84042d6aa403aa52ac85b78b22057b68482c6ffc81ad9b1,******3210,***REDACTED***,***REDACTED***,***REDACTED***,***********0000,M,3ad4b59b82ba3ccf845a12038f07385f301b4b676ee24a6104d1fbb40d3da486,***REDACTED***,British,***REDACTED***,***REDACTED***,***REDACTED***,***REDACTED***
***REDACTED***,***REDACTED***,8639bd84352766b62cd2dabb6d4aabd087b198fbac7d2dd166400d229e62fef8,********6543,***REDACTED***,***REDACTED***,***REDACTED***,**********0000,M,b3d59348da2437bad42346fc4854a3947e8fbf00a211d236779648ba791b0397,***REDACTED***,Chinese,***REDACTED***,***REDACTED***,***REDACTED***,***REDACTED***
***REDACTED***,***REDACTED***,6c9014d219fbb97e420a501211cea8470cf59923b518c8ca173fecc72f7396c2,********7890,***REDACTED***,***REDACTED***,***REDACTED***,************0000,F,d472fca165099d77e09389541e3caf429d5745f843876f3df2eb105f846aeb2e,***REDACTED***,Australian,***REDACTED***,***REDACTED***,***REDACTED***,***REDACTED***
***REDACTED***,***REDACTED***,f60c2a6d426aaadca12ea5757884dd9d66c1183a872da6d7440db0737edd52cf,******6666,***REDACTED***,***REDACTED***,***REDACTED***,************0000,M,861ef6e67fa0aa2a6b7dd0908730db6016a833b99a7fff475bcbc0e228e40343,***REDACTED***,German,***REDACTED***,***REDACTED***,***REDACTED***,***REDACTED***
***REDACTED***,***REDACTED***,c9afbd9a0e784951b7b85244e4945bdafa207e82ea52340603ef5ba391c5c93b,******0000,***REDACTED***,***REDACTED***,***REDACTED***,************0000,F,b4aca475ad41788b38d879c0b2ccc929a5e78b7c97420d006a6c4fcaabf561f4,***REDACTED***,Indian,***REDACTED***,***REDACTED***,***REDACTED***,***REDACTED***
***REDACTED***,***REDACTED***,65b55b141865f7d019cbe21f3d636d46db2aaaddaaab6fd7b5ad28333b6272c8,******9999,***REDACTED***,***REDACTED***,***REDACTED***,************0000,M,1279c165d44e91824e6eaac45df452742244f9b646cf071ee970213dd75e8d48,***REDACTED***,American,***REDACTED***,***REDACTED***,***REDACTED***,***REDACTED***
***REDACTED***,***REDACTED***,41d6355ac78e7be66f73fb7e5103d692ccaea96da303aaaf60a06e1d5f0ff474,******5555,***REDACTED***,***REDACTED***,***REDACTED***,************0000,F,041c0c43b81b514bc124d5b967a6ebb871aba852518b56fc63e8eaaffbda9e9f,***REDACTED***,Chinese,***REDACTED***,***REDACTED***,***REDACTED***,***REDACTED***
***REDACTED***,***REDACTED***,c758313f28ad00d838fedb7819229b4e6ef0bab5fd1f758fa2c0201448f14ed4,******4444,***REDACTED***,***REDACTED***,***REDACTED***,************0000,M,48210baac1bb3b65ff1b316412660741b76bae085953089e67f36862e39bc262,***REDACTED***,Indian,***REDACTED***,***REDACTED***,***REDACTED***,***REDACTED***
***REDACTED***,***REDACTED***,ef10f592bfb674cb629b03af6552d626183e613c186fa115ed6461f0d5ead31d,******3333,***REDACTED***,***REDACTED***,***REDACTED***,************0000,F,29fdeeadbb65d2dd82517fb8eb34ae36a94c2dcb9c3fc5edf2d77bb50b68aa8b,***REDACTED***,British,***REDACTED***,***REDACTED***,***REDACTED***,***REDACTED***
***REDACTED***,***REDACTED***,8376074753c549d7a7e771c759c6f231fc431566eec9de10097df86b597c6f22,******8888,***REDACTED***,***REDACTED***,***REDACTED***,************0000,M,1ba66ca9e6adb99c50a0fd30784a50e1e9742b513e1bc2f92f40048274255d16,***REDACTED***,American,***REDACTED***,***REDACTED***,***REDACTED***,***REDACTED***
***REDACTED***,***REDACTED***,24da789e851620bdc63ad62112313890fbe6c91031c9dbaef213c787e85aa096,******1111,***REDACTED***,***REDACTED***,***REDACTED***,************0000,F,7148cefe06d3c2f4060e5491795c6e177879d2c104b75150161d5595d665738d,***REDACTED***,Canadian,***REDACTED***,***REDACTED***,***REDACTED***,***REDACTED***
***REDACTED***,***REDACTED***,1342bc9edd0041e76e75383566441f84625f7f82eece44f4dc844d773606578a,***2222,***REDACTED***,***REDACTED***,***REDACTED***,**********0000,M,ea5eb83e1971d33d553b0f132e0cd2ef169980e3d1a1cf115789e8001413455a,***REDACTED***,German,***REDACTED***,***REDACTED***,***REDACTED***,***REDACTED***
***REDACTED***,***REDACTED***,bed9559dcb9f88f72c620d6d9e554636b072ef5645e591ecb84cf6f4aab2bed0,******1111,***REDACTED***,***REDACTED***,***REDACTED***,***********0000,F,4a2d42a0b261f9aaec967e6dd94b241565d7a486b64a1e69abfa1fccff66569a,***REDACTED***,Australian,***REDACTED***,***REDACTED***,***REDACTED***,***REDACTED***
***REDACTED***,***REDACTED***,1bcfd5b0a829aa7212f4279e4f519800ed2970561f0ff01c030d3ff78eb02960,******9999,***REDACTED***,***REDACTED***,***REDACTED***,************0000,M,12a8421ea8b08784cba0c01ad4c5707d2b5dcd81d8bf7a3374b911141ec8b1ae,***REDACTED***,American,***REDACTED***,***REDACTED***,***REDACTED***,***REDACTED***
***REDACTED***,***REDACTED***,d1c4856f9616189d8b7744ffc064b68e419329dc6fd644d20e49a1c33b6d389c,******2222,***REDACTED***,***REDACTED***,***REDACTED***,************0000,F,eccba18738409630dd68b4e2d9fef566efb71a283a3dd9253b4bfa888b7dba41,***REDACTED***,British,***REDACTED***,***REDACTED***,***REDACTED***,***REDACTED***
***REDACTED***,***REDACTED***,1b649be33ffeb7be71c0f982fb397a8ac2d26cc1efc1a5f376d8ff1d57a3a2d7,******7777,***REDACTED***,***REDACTED***,***REDACTED***,************0000,M,34dab6d48a2ede5d78b84750e1006198ff4756ab17e7c8446d233c01c95275e0,***REDACTED***,Indian,***REDACTED***,***REDACTED***,***REDACTED***,***REDACTED***
***REDACTED***,***REDACTED***,6161049a7e58b2e483056be24568ca82f81c48317454bfd250b9634cbb75b52b,******9870,***REDACTED***,***REDACTED***,***REDACTED***,************0000,F,4d541a72080facec4e4449849ae14a4ed7b9eac35edbaecf1298188827827e55,***REDACTED***,Canadian,***REDACTED***,***REDACTED***,***REDACTED***,***REDACTED***
***REDACTED***,***REDACTED***,187830507bf60cdc9a934a820640b9d288fb34a0169f8e11dc16e6c8219bdf68,******1111,***REDACTED***,***REDACTED***,***REDACTED***,*********0000,M,ada9143211dcb89080ef32fb8be91398fd5bdf91733493f3f4ae2758d0f6f877,***REDACTED***,British,***REDACTED***,***REDACTED***,***REDACTED***,***REDACTED***
